filename,words
947.jpg,HighNote ' Junius
944.jpg,Heddal WaterBrook uncontrollable
976.jpg,Industrielle
975.jpg,Combines
977.jpg,1726540 Humberside
954.jpg,Henk @ Nordin
979.jpg,Highlights 7093,3270984
978.jpg,Sensuality
957.jpg,optic
980.jpg,wettest Unterland [
953.jpg,6384159 # Czerwin
961.jpg,Tomoki AJAY
992.jpg,#Rosell: "
997.jpg,RSV
964.jpg,Saleswoman
995.jpg,Infrastructure ECML $ 9
963.jpg,THY cruz @ Intervener
994.jpg,hostel + Easel %
987.jpg,Esperance
989.jpg,squid :
988.jpg,loam Adjoining rump ?
999.jpg,Erected
972.jpg,6,46178
981.jpg,It 036
983.jpg,caliber $ RFC
982.jpg,Strange persons
984.jpg,Abigail "
986.jpg,Atul {
990.jpg,Roasts Bright 32046
998.jpg,Freudian %
